sentence_id,original_text,reference_falc,pred_Model_mbart_dpo,pred_Model_mbart_grpo
1,"Travailleuses, travailleurs,  En avril 2020, pendant le premier confinement, Macron expliquait qu’il faudrait se rappeler que le pays avait tenu grâce à celles et ceux « que nos économies reconnaissent et rémunèrent si mal ». Deux ans plus tard, le personnel des hôpitaux et des Ehpad, les aides à la personne, les ouvriers de l’agroalimentaire et de la logistique, les travailleurs des transports, les agents de nettoyage et ceux du gardiennage, l’armée des livreurs et des coursiers, les travailleurs de l’Éducation nationale, continuent d’être sous-payés et méprisés. Des travailleurs de la santé sont licenciés de fait et privés de salaire, en particulier en Guadeloupe, en Martinique et en Guyane. Tous ceux dont les conditions d’existence se dégradent doivent faire entendre leurs intérêts.","Travailleuses, travailleurs, Macron est le président de la république. Il disait que les gens les plus mal payés ont sauvé le pays pendant le Covid. Mais les ouvriers ne sont toujours pas respectés. Les ouvriers ne sont pas mieux payés qu’avant. Les infirmières non plus. Ni les autres travailleurs. Tous ceux qui ont une vie de plus en plus dure doivent dire leur colère.","Travailleuses, travailleurs, En avril, Macron dit qu’il faut se rappeler que le pays a tenu grâce à celles et ceux qui travaillent bien. Des travailleurs de l’Éducation et des hôpitaux sont sous-payés, des travailleurs de la santé sont licenciés et privés de salaire.","Travailleuses, travailleurs, En avril, Macron dit qu’il faut se rappeler que le pays a tenu grâce à ceux qui travaillent bien. Mais les travailleurs sont mal payés. Des travailleurs de l’Éducation et de la santé sont licenciés. Les gens sont méprisés. Ils doivent faire entendre leurs intérêts."
2,"PROFITS EN HAUSSE ET POUVOIR D’ACHAT EN BAISSE: ÇA SUFFIT ! Suppressions d’emplois, cadences infernales, salaires insuffisants : plus les grandes entreprises sont rentables, plus leurs actionnaires sont rapaces et s’attaquent aux travailleurs. Alors qu’une minorité très riche s’offre des voyages dans l’espace, il y a 300 000 sansdomicile-fixe et plusieurs millions de mallogés. Des étudiants et des retraités ne survivent que grâce à l’aide alimentaire. Les profits se sont envolés, pour le plus grand bonheur des riches, des grands actionnaires, c’est-à-dire de ceux qui ne font rien de leurs dix doigts, quand ceux qui se tuent à la tâche s’appauvrissent et sont précarisés. La flambée des prix des carburants, du gaz, de l’électricité et de nombre de produits de première nécessité ne gêne pas les grandes fortunes. Mais, pour des millions de femmes et d’hommes, ce sont de nouvelles privations insupportables. Il ne faut pas l’accepter ! Pouvoir gagner sa vie est une nécessité. Le chômage de masse, qui écarte de toute activité des millions de femmes et d’hommes, est une aberration. Comme l’est l’obligation faite aux plus de 60 ans de s’user à la tâche, alors que tant de jeunes sont au chômage. Zéro chômeur, c’est possible en se répartissant le travail existant entre tous, sans perte de salaire. Nombre de salariés croulent sous les heures supplémentaires, les samedis et les jours fériés travaillés. Que l’on demande aux personnels des hôpitaux, des Ehpad, de l’éducation, des transports publics d’établir une liste d’embauches dont ils auraient besoin. On arriverait à des centaines de milliers d’emplois utiles et indispensables à créer tout de suite. L’argent existe. Rien qu’avec les 137 milliards d’euros de profits engrangés par les 40 premières sociétés cotées à la Bourse de Paris, il est possible de créer 3,4 millions d’emplois payés 2000 euros, cotisations comprises.  ","Les profits des entreprises augmentent. Mais ce qu’on a pour vivre diminue. Ça suffit ! Les riches gagnent beaucoup d’argent sans rien faire d’utile. Les travailleurs font tout fonctionner. Mais l’argent ne va pas aux travailleurs. Les prix augmentent très vite. Les travailleurs sont obligés de se priver. Il ne faut pas l’accepter. Le chômage ne devrait pas exister. Les personnes de plus de 60 ans ne devraient pas être obligées de travailler. Il faut les laisser partir à la retraite. Comme ça les jeunes pourront travailler. Il faut partager le travail entre tous sans baisser les salaires.  Les 40 plus grandes entreprises de France ont gagné plein d’argent. Avec cela, on pourrait créer des millions d’emplois payés 2 000 €. Il y a assez d’argent pour embaucher tout le monde. ",PROFITS EN HAUSSE ET POUVOIR D’ACHAT EN BAISSE. Les gens sont pauvres et précarisés. Il y a 300 000 sans-domicile-fixe et beaucoup de mallogés. Des gens ne mangent pas et ne travaillent pas. Il faut créer des milliers d’emplois.,"PROFITS EN HAUSSE ET POUVOIR D’ACHAT EN BAISSE. Il y a des gens pauvres et des gens très riches. Des gens sont dans la pauvreté. Il n’y a plus d’emplois. Il faut aider les gens à gagner leur vie. Le chômage touche beaucoup de gens. Beaucoup d’hommes sont au chômage. Beaucoup de gens sont pauvres. Les gens vont dans les hôpitaux, des Ehpad, des transports. Ils vont chercher des gens pour les aider. C’est facile de créer des centaines de milliers d’"
3,"AUGMENTATION DES SALAIRES ET DES PENSIONS ! Les travailleurs et les retraités ne demandent pas la charité. Nous voulons pouvoir vivre de nos salaires ou de nos pensions. Alors il faut des augmentations de 300, 400, 500 euros par mois. Contre l’inflation, il faut imposer l’indexation des salaires sur les prix. 2 000 euros, c’est le minimum pour ne pas avoir à compter chaque euro, partir un peu en vacances ou ne pas craindre de se retrouver sans voiture. Et cela vaut pour les salaires, pour les pensions et les allocations des chômeurs et des handicapés. Le grand patronat ne l’accordera jamais ? Mais la plupart du temps il faut faire grève même pour 50 euros d’augmentation. Alors, tant qu’à nous battre, nous devons revendiquer ce qui est nécessaire pour vivre. Nous, les travailleurs, nous faisons tourner toute la société et nous n’avons aucune raison de nous faire petits.  ","Il faut augmenter les salaires, les pensions et les allocations. Les prix augmentent. Il faut que les salaires augmentent. Les allocations et les retraites aussi. Il faut au moins 2 000 € pour pouvoir vivre bien. Personne ne devrait avoir moins que ça. Même pour avoir 50 € d’augmentation, il faut faire grève. Alors battons-nous directement pour ce qu’il faut. Au moins 2000 €. Les travailleurs font tout marcher. Ils ont le droit de réclamer ce dont ils ont besoin. ","AUGMENTATION DES SALAIRES ET DES PENSIONS ! Les travailleurs et les retraités ne demandent pas la charité. Ils veulent des augmentations de 300, 400, 500 euros par mois. Il faut augmenter les salaires et les pensions. Le grand patronat ne l’accordera jamais. Mais il faut faire grève quand il y a 50 euros d’augmentation.","AUGMENTATION DES SALAIRES ET DES PENSIONS. Les travailleurs et les retraités veulent des augmentations. Il faut augmenter les salaires et les pensions. Le patronat ne veut pas nous aider. Nous devons nous battre. Nous, les travailleurs, faisons tourner toute la société. Nous n’avons pas peur de nous faire entendre."
4,"CONTRÔLE DES TRAVAILLEURS SUR LES COMPTES DES GRANDES ENTREPRISES ! Accepter que les capitalistes exercent leur loi, fixent leurs prix et leurs marges à l’abri du secret industriel et commercial, c’est se résigner à être les éternels sacrifiés. C’est vrai pour les travailleurs, pour les petits paysans comme pour de nombreux petits patrons écrasés par les donneurs d’ordres. Si les grands actionnaires s’y opposent, il faut les exproprier et placer les grandes entreprises sous le contrôle de la collectivité. Si la loi du profit privé échoue à permettre à tous de vivre dignement, il est temps qu’elle disparaisse. Tout cela est difficile ? Assurément. Aucune conquête majeure n’a été possible sans lutte d’ensemble. Il faudra que le monde du travail mène des grèves massives et des combats collectifs.  ","Les travailleurs doivent contrôler les entreprises. Les capitalistes sont ceux qui possèdent les grandes entreprises. Personne n’a le droit d’aller vérifier les comptes des capitalistes. Pourtant les grandes entreprises exploitent tous les travailleurs. Ces entreprises écrasent aussi les petits paysans et les petits patrons. Alors les travailleurs doivent contrôler les entreprises. Si les capitalistes ne veulent pas, il faut prendre les entreprises aux capitalistes. ","CONTRÔLE DES TRAVAILLEURS SUR LES COMPTES DES GRANDES ENTREPRISES ! Il faut mettre les grands actionnaires sous le contrôle de la collectivité. Si la loi du profit privé échoue à permettre à tous de vivre dignement, il faut qu’on lutte ensemble.","CONTRÔLE DES TRAVAILLEURS SUR LES COMPTES DES GRANDES ENTREPRISES ! C’est trop dur pour les travailleurs. Il faut mettre les grandes entreprises sous contrôle. Si les grands actionnaires s’y opposent, il faut les exproprier et les mettre sous le contrôle de la collectivité. Si la loi du profit privé échoue, il faudra lutter. Il faudra des grèves massives et des combats collectifs."
5,"HÔPITAUX, EHPAD: À BAS LA LOI DU PROFIT ! 100 000 lits supprimés en vingt ans, déprogrammations, fermetures de services, déserts médicaux... la pandémie a montré que la gestion comptable de la santé publique – et en particulier de l’hôpital – était criminelle. Le scandale Orpea résulte de la même logique : faute d’investissement public, les capitalistes mettent la main sur les maisons de retraite et maltraitent nos anciens pour en tirer toujours plus d’argent, jusqu’à leur dernier jour. La dégradation de l’Éducation nationale et celle des transports publics, soumis à la diète voire à la privatisation, résultent des mêmes logiques financières. Tous les gouvernements veulent offrir des milliards au grand patronat. Cela ne peut plus durer!","Les hôpitaux ne doivent pas servir à faire de l’argent. Les maisons de retraite non plus. Il y a de moins en moins de places dans les hôpitaux. C’est comme ça depuis des années. Pour faire des économies. C’est pour ça que l’épidémie de Covid a été aussi grave. Cela va aussi de pire en pire dans l’éducation, dans les bus ou les trains. Pendant ce temps, le gouvernement donne l’argent aux patrons. Cela ne peut plus durer ! ","HÔPITAUX, EHPAD: À BAS LA LOI DU PROFIT ! 100 000 lits supprimés en vingt ans, des fermetures de services, des déserts médicaux. Le scandale de l’hôpital montre que la gestion de la santé est criminelle. Les capitalistes pillent les maisons de retraite et maltraitent les anciens pour en tirer toujours plus d’argent.","HÔPITAUX, EHPAD : À BAS LA LOI DU PROFIT ! Il y a des morts dans les hôpitaux. Le scandale de l’hôpital est un scandale financier. Les capitalistes pillent les maisons de retraite. Les gens meurent dans la misère. Ils prennent des milliards pour payer les retraites. Ça ne peut plus durer !"
6,"TRAVAILLEURS FRANÇAIS ET IMMIGRÉS: UN MÊME CAMP ! Sans travailleurs immigrés, aucun hôpital, aucun chantier du bâtiment ou de nettoyage, aucune usine ne fonctionnerait. Ces travailleurs sont bien plus utiles que les capitalistes Arnault ou Bolloré, ou leurs serviteurs du monde politique. Ils doivent avoir le droit de vote. Zemmour et Le Pen voudraient opposer les Français aux étrangers, et s’en prennent en particulier aux musulmans. Ils voudraient faire de la France une forteresse qui, tout en accueillant les milliardaires, rejette les pauvres. Ne nous laissons pas diviser. Les seuls bénéficiaires en seraient les capitalistes.","Les travailleurs français et ceux des autres pays sont tous frères. Les travailleurs immigrés sont les travailleurs originaires d’un autre pays. Les travailleurs immigrés sont bien plus utiles que les patrons. Ils doivent avoir le droit de vote. Zemmour et Le Pen veulent opposer les travailleurs français et immigrés. Mais si les travailleurs sont divisés, les patrons en profitent. ","TRAVAILLEURS FRANÇAIS ET IMMIGRÉS: UN MÊME CAMP ! Sans travailleurs immigrés, il n’y a aucun hôpital, aucun chantier, aucune usine. Les travailleurs sont utiles à la société. Ils doivent avoir le droit de vote. Zemmour et Le Pen veulent attaquer les étrangers et les musulmans. Ils veulent faire de la France une forteresse pour les riches.",TRAVAILLEURS FRANÇAIS ET IMMIGRÉS: UN MÊME CAMP ! Il n’y a pas d’école. Il y a des travailleurs français et des travailleurs immigrés. Ils sont utiles. Ils doivent avoir le droit de vote. Zemmour et Le Pen veulent détruire la France. Ils veulent faire de la France une forteresse pour les riches et les pauvres. Les seuls bénéficiaires sont les capitalistes.
7,"CONTRE LE SACCAGE DE LA PLANÈTE ! Réchauffement climatique, pollutions et catastrophes, pays pauvres transformés en décharges des pays riches, gaspillage des ressources... Les États refusent d’imposer des mesures contraignantes aux capitalistes, qui sont les seuls responsables de la pollution. Les gouvernements taxent les plus pauvres, tandis que les riches achètent le droit de polluer. Pour préserver l’environnement, il faut ôter le pouvoir aux capitalistes. Pour sauver la planète, il faut mettre fin à la concurrence et supprimer le gâchis capitaliste, c’est-à-dire exproprier les grands groupes, recenser les besoins et planifier l’économie.   ",Contre la destruction de la planète Le climat se réchauffe. La pollution augmente. Mais les États laissent les capitalistes polluer. Il faut prendre les entreprises aux capitalistes pour sauver la planète. Et ensuite produire en fonction des besoins des gens. ,"CONTRE LE SACCAGE DE LA PLANÈTE ! Les pays pauvres sont gaspillés par les capitalistes. Les gouvernements taxent les plus pauvres, tandis que les riches achètent le droit de polluer. Il faut mettre fin à la concurrence et supprimer le gâchis capitaliste.","CONTRE LE SACCAGE DE LA PLANÈTE ! Les pays pauvres sont en décharges. Il y a trop de pollution. Les gens n’achètent pas le droit de polluer. Pour sauver la planète, il faut mettre fin à la concurrence et supprimer le capitalisme. Il faut protéger l’environnement et l’économie."
8,"CONTRE LA GUERRE ET L’IMPÉRIALISME ! La guerre en Ukraine est venue brutalement rappeler que les rivalités économiques et politiques peuvent dégénérer à tout moment. C’est Poutine qui a déclenché cette guerre fratricide, mais les États-Unis et leurs alliés au sein de l’Otan portent une responsabilité écrasante. Ils n’ont cessé d’augmenter leur pression militaire sur la Russie. En Ukraine aujourd’hui, comme en Irak ou en Afghanistan hier, ils ont le même mépris que le dictateur Poutine pour la vie des populations, prises en étau dans un conflit qui les dépasse. Refusons toute union nationale derrière nos dirigeants !   ","Contre la guerre Il y a la guerre en Ukraine. Poutine est président de la Russie. Là, c’est Poutine qui a déclenché cette guerre. Mais les États-Unis et la France sont aussi responsables. Dans la guerre en Ukraine, les travailleurs ne doivent pas soutenir la politique des dirigeants. Ni en Russie. Ni en Ukraine. Ni en France. ","CONTRE LA GUERRE ET L’IMPÉRIALISME ! La guerre en Ukraine montre que les rivalités économiques et politiques peuvent dégénérer à tout moment. C’est Poutine qui a déclenché la guerre. Les États-Unis et leurs alliés ont agi contre la Russie. En Ukraine, comme en Irak ou en Afghanistan, les gens sont méprisés pour la vie des gens. Refusons toute union nationale derrière nos dirigeants !","CONTRE LA GUERRE ET L’IMPÉRIALISME ! La guerre en Ukraine est une guerre contre la Russie. Les États-Unis et leurs alliés sont responsables de la guerre. Ils bombardent l’Ukraine. En Ukraine, les gens sont méprisés. Ils ont peur pour la vie des gens. Nous devons nous unir contre la guerre et l’impérialisme. Refusons la guerre !"
9,"TROUPES FRANÇAISES, HORS D’AFRIQUE ! La France prétend défendre la paix, mais vend des avions Rafale aux dictateurs des quatre coins du monde. Elle a fait la guerre au Mali pendant des années, non pas pour les intérêts des Maliens, mais pour ceux des firmes françaises et de la Françafrique. Elle a un long passé de puissance coloniale dont elle défend l’héritage. Pour avoir la paix, il faut renverser l’impérialisme!  ","L’armée française doit partir d’Afrique La France dit qu’elle est pour la paix. Mais elle fait la guerre dans plein de pays d’Afrique. Pour qu’il n’y ait plus de guerre, les travailleurs doivent prendre le pouvoir. ","TROUPES FRANÇAISES, HORS D’AFRIQUE ! La France vend des avions Rafale aux dictateurs du monde. Elle a fait la guerre au Mali pendant des années pour les intérêts des Français et de la Françafrique. La France est une ancienne puissance coloniale. Pour avoir la paix, il faut renverser l’impérialisme.","TROUPES FRANÇAISES, HORS D’AFRIQUE ! La France vend des avions aux dictateurs du monde. La France a fait la guerre au Mali pour les intérêts de la France et de la Françafrique. Elle est une ancienne puissance coloniale. Pour avoir la paix, il faut renverser l’impérialisme."
10,"ENSEMBLE, NOUS RELÈVERONS LE DÉFI DE L’EUROPE ET DE LA PAIX. Depuis l’agression russe contre l’Ukraine, le monde a changé. La guerre fait irruption en Europe et oblige les démocraties à faire face à leurs responsabilités. Les peuples épris de liberté se tournent vers l’Union européenne, une puissance sur laquelle repose le maintien de la paix et la prospérité du continent. Européenne de toujours, je mettrai toute mon énergie à renforcer l’Europe, notre destin commun, par la justice et la solidarité. Je contribuerai, avec les sociaux-démocrates européens, à la création d’une défense commune forte et autonome pour assurer la sécurité et l’indépendance des démocraties du continent, et celle de la France en premier lieu.  ",Ensemble nous continuerons de travailler avec l’Europe pour la Paix. Avec l’attaque de la Russie contre l’Ukraine Le monde entier est en train de changer Je suis Européenne Je promets de travailler pour la paix et la liberté avec les pays de l’Union Européenne L’Union Européenne c’est 27 pays de l’Europe. Ces 27 pays de l’Europe se sont unis. L’Union Européenne travaille pour : • la liberté • la paix et • le bien-être de ces habitants Je veux travailler pour notre sécurité et pour la justice.  ,"ENSEMBLE, NOUS RELÈVERONS LE DÉFI DE L’EUROPE ET DE LA PAIX. Depuis l’agression russe contre l’Ukraine, le monde change. La guerre menace les démocraties. Les peuples se tournent vers l’Union européenne, une puissance pour la paix et la prospérité sur le continent. Je travaille avec les sociaux-démocrates européens pour renforcer l’Europe.","ENSEMBLE, NOUS RELÈVERONS LE DÉFI DE L’EUROPE ET DE LA PAIX. Depuis l’agression russe contre l’Ukraine, le monde change. La guerre menace l’Europe et les démocraties. Les peuples veulent de la paix et de la prospérité. Je suis pour la paix. Je veux renforcer l’Union européenne et la sécurité. Je travaille avec les sociaux-démocrates européens pour construire une Europe forte et indépendante."
11,"Ensemble, nous relèverons le DÉFI social. L’injustice sociale est au cœur des fractures de notre pays. Je rendrai d’abord justice aux travailleurs de « première ligne » en relevant le SMIC de 15 %, soit 200 euros net par mois, et en ouvrant une vaste négociation pour la revalorisation du travail, qui reste la première source de dignité pour les salariés. J’étendrai les droits des travailleurs dans l’entreprise et fxerai un écart maximal entre les rémunérations. Je restaurerai les services publics, et en priorité l’école et l’hôpital. Je renforcerai la protection sociale, qui garantit la sécurité de chacun et la solidarité avec les plus défavorisés de nos concitoyens. Je veillerai à l’inclusion des personnes en situation de handicap en allant vers l’accessibilité universelle. Je garantirai le droit à une retraite digne à 62 ans. ","Ensemble nous rendrons le pays plus social. Dans notre pays, il y a des injustices sociales Beaucoup de gens travaillent et n’ont pas assez de moyens Pour vivre correctement je veux que les gens soient mieux payés Je veux : • augmenter le SMIC le SMIC c’est le salaire le plus petit pour une personne travaillant à temps plein • discuter pour augmenter les salaires dans les entreprises • améliorer les droits des travailleurs • baisser les écarts entre les salaires Je veux améliorer et faciliter : • les soins des personnes dans les hôpitaux  • le droit et l’accès à l’école pour tous Je veux renforcer les moyens pour • aider et protéger les personnes les plus fragiles • intégrer les personnes en situation de handicap. Je veux le droit à une retraite correcte à 62 ans ","Ensemble, nous luttons contre l’injustice sociale. Je rends justice aux travailleurs de « première ligne » en relevant le SMIC de 15 %, soit 200 euros par mois. Je rétablis les droits des travailleurs dans l’entreprise. Je restaure les services publics, et en priorité l’école et l’hôpital. Je veille à la sécurité des personnes en situation de handicap. Je garantis le droit à une retraite digne à 62 ans.","Ensemble, nous luttons pour la justice sociale. Nous luttons contre l’injustice. Nous augmentons le salaire des travailleurs. Nous rétablissons le SMIC. Nous améliorons les conditions de travail. Nous restaurons les services publics et l’école. Nous protégeons les personnes en situation de handicap. Nous allons vers l’accessibilité universelle. Nous mettons en place une retraite digne à 62 ans."
12,"ENSEMBLE, NOUS RELÈVERONS LE DÉFI ÉCOLOGIQUE. Face au dérèglement climatique et aux menaces qui pèsent sur notre avenir et celui de nos enfants, j’organiserai la grande mutation écologique, nécessaire en France comme ailleurs, et qui a pris tant de retard depuis la COP21. En m’appuyant sur une planifcation adaptée aux temps nouveaux, je conduirai la réindustrialisation décarbonée du pays, grâce à 4 grandes odyssées industrielles, pour construire un nouveau modèle de développement à la fois juste et respectueux de la nature, qui placera la France, notamment avec ses outre-mers, à l’avant-garde de la lutte pour la préservation de la planète. ","Ensemble, nous rendrons le pays plus écologique. L’écologie c’est protéger la terre et les hommes Notre travail écologique est insuffisant La terre est en plein changement climatique. Le changement climatique est dangereux pour notre futur et nos enfants. Je veux une industrie plus respectueuse de notre environnement L’industrie c’est fabriquer des produits comme • des habits, des voitures • de la nourriture en conserve • des médicaments En changeant notre mode de fabrication Nous utiliserons moins de gaz et de pétrole Nous protégerons mieux la planète. ","ENSEMBLE, NOUS RELÈVERONS LE DÉFI ÉCOLOGIQUE. Je prépare la grande mutation écologique. Je réindustrialise le pays. Je construis un nouveau modèle de développement durable et respectueux de la nature.","ENSEMBLE, NOUS RELÈVERONS LE DÉFI ÉCOLOGIQUE. Je prépare la grande mutation écologique. Je réindustrialise le pays. Je construis un nouveau modèle de développement. Je mets la France à l’avant-garde de la lutte pour la préservation de la planète."
13,"ENSEMBLE, NOUS RELÈVERONS LE DÉFI DÉMOCRATIQUE. Je veux rendre le pouvoir aux citoyens de notre pays. J’engagerai l’indispensable réforme de la Ve République, qui doit cesser d’être une monarchie républicaine, pour devenir une démocratie vivante. J’instaurerai le référendum d’initiative citoyenne (RIC) qui permettra à chacun d’intervenir entre deux élections. Je procéderai à un nouvel acte de décentralisation qui s’appuiera sur la vitalité et le savoir-faire de nos communes, de nos départements et de nos régions. Je lancerai, dans le strict respect des valeurs républicaines, un plan de lutte contre la délinquance qui assure enfn la sécurité, en particulier aux classes populaires et aux femmes, premières victimes de la violence. Je donnerai plus de moyens à la justice du quotidien. Je garantirai son indépendance. Je rendrai enfn à la culture et aux artistes, qui nous éclairent, la priorité que la gauche leur a toujours donnée.  ","Ensemble, nous rendrons le pays plus démocratique. La démocratie, c’est les gens qui décident Pour le moment, le président a beaucoup de pouvoir comme un roi Je veux que les gens puissent donner leur avis plus souvent Je demanderai l’avis des gens avec un référendum Un référendum c’est un vote pour répondre à une question Je veux mieux lutter contre la délinquance La délinquance c’est les petits crimes comme  4 les vols ou les agressions Je veux plus de sécurité pour les gens fragiles et les femmes Je veux donner plus de moyens à la justice de tous les jours Je veux donner plus de liberté aux juges dans leurs décisions Je veux donner plus d’importance à la culture et aux artistes. ","ENSEMBLE, NOUS RELÈVERONS LE DÉFI DÉMOCRATIQUE. Je veux rendre le pouvoir aux citoyens de notre pays. Je réforme la Ve République pour rendre la démocratie vivante. Je mets en place un nouvel acte de décentralisation. Je lutte contre la délinquance. Je donne plus de moyens à la justice. Je rends à la culture et aux artistes, qui nous éclairent, la priorité que la gauche leur a toujours donnée.","ENSEMBLE, NOUS RELÈVERONS LE DÉFI DÉMOCRATIQUE. Je veux rendre le pouvoir aux citoyens. Je réforme la Ve République pour rendre la démocratie vivante. Je mets en place un référendum d’initiative citoyenne. Je décentralise. Je prends des mesures pour lutter contre la délinquance. Je donne plus de moyens à la justice. Je rends à la culture et aux artistes, qui nous éclairent, la priorité que la gauche a toujours donnée."
14,UNE PRIORITÉ : LE CLIMAT. • Plus un euro d’argent public dépensé contre le climat • ISF climatique : 15 milliards d’euros par an pour financer la transition • Rénovation massive des logements pour baisser les factures • Ticket Liberté Climat : déplacements illimités en France pour les 16-25 ans • Nationalisation d’EDF pour plus d’énergies renouvelables   ,Protéger la planète. • L’Etat ne donnera plus d’argent aux entreprises qui détruisent la nature. • Les plus riches paieront plus d’impôt. • Il y a beaucoup de logements mal isolés. La chaleur s’échappe facilement. Nous allons rénover ces logements. • Les jeunes de 16 à 25 ans pourront voyager sans limite. ,UNE PRIORITÉ : LE CLIMAT.,UNE PRIORITÉ : LE CLIMAT. Le gouvernement investit dans la lutte contre le changement climatique. Il met de l’argent dans les logements. Il crée un Ticket Liberté Climat pour les jeunes. Il augmente le prix du transport. Il veut plus d’énergies renouvelables.
15,"JUSTICE SOCIALE ET POUVOIR D’ACHAT. • SMIC à 1 500 euros net par mois et dégel du point d’indice • Revenu citoyen de 918 euros dès 18 ans • Construction de 700 000 logements sociaux en 5 ans • TVA à 0 % sur l’alimentation bio et à 5,5 % sur les transports collectifs  ","Plus d’argent à la fin du mois pour tout le monde. • Le SMIC sera de 1 500 euros par mois. • Il y aura 700 000 nouveaux logements sociaux. • La TVA sera de 0 % pour les aliments bio et 5,5 % pour les transports en commun (bus, métro..). ",JUSTICE SOCIALE ET POUVOIR D’ACHAT.,JUSTICE SOCIALE ET POUVOIR D’ACHAT. • SMIC à 1 500 euros par mois et dégel du point d’indice • Création d’un logement social pour les jeunes. • TVA à 0 % sur l’alimentation bio et sur les transports collectifs.
16,"POUR LA JEUNESSE, LA CULTURE ET L’AVENIR DE NOS ENFANTS. • Plus 200 000 places en crèches • Recrutement de 65 000 enseignants et hausse des salaires • Cantines 100% bio et local • Création de 100 000 places dans les universités et fin de Parcoursup • Hausse du budget de la culture d’un milliard d’euros ","Pour les jeunes et nos enfants. • Nous aurons 200 000 places en crèche en plus. • Il y aura 65 000 enseignants de plus dans les écoles, collèges et lycées. Leurs salaires seront augmentés. • Les cantines des écoles serviront de la nourriture bio. ","POUR LA JEUNESSE, LA CULTURE ET L’AVENIR DE NOS ENFANTS.","POUR LA JEUNESSE, LA CULTURE ET L’AVENIR DE NOS ENFANTS. • Plus de 200 000 places en crèches • Création de 100 000 places dans les universités et fin de Parcoursup • Augmentation du budget de la culture."
17,"LE DROIT À LA SANTÉ ET À UNE FIN DE VIE DIGNE. • Reconnaissance du burn-out comme maladie professionnelle • Plan d’urgence pour l’hôpital public : embauche de 100 000 infirmiers et infirmières et revalorisation des salaires • Fin des déserts médicaux avec obligation d’installation où c’est nécessaire • Interdiction de créer des EHPAD à but lucratif • Droit à une fin de vie digne, choisie et apaisée ",Pour notre santé. • Beaucoup d’infirmières et infirmiers seront recrutés. Les salaires seront augmentés. • Il y a des régions sans médecin. Il faut augmenter le nombre de médecins dans ces régions. • Les personnes âgées qui sont dans les Ehpad seront bien traitées. ,LE DROIT À LA SANTÉ ET À UNE FIN DE VIE DIGNE.,LE DROIT À LA SANTÉ ET À UNE FIN DE VIE DIGNE. Le droit à la santé et à une fin de vie digne est garanti par la loi.
18,"DU CONCRET POUR L’ÉGALITÉ. • Une Agence pour l’accessibilité universelle et la déconjugalisation de l’AAH • Impunité zéro contre les violences faites aux femmes en facilitant le dépôt de plainte et l’hébergement des victimes • Une police de proximité plus nombreuse, mieux formée et des récépissés de contrôle d’identité • Recrutement de 3 000 magistrats • Légalisation du cannabis ","Pour l’égalité. • L’Allocation Adulte Handicapé sera versée à chaque personne, sans prendre en compte le calcul des revenus du couple. • Les femmes victimes de violences seront aidées pour porter plainte et être mises à l’abri plus facilement. • La police aura moins de travail administratif. Elle aura plus de temps pour protéger la population. • Le cannabis sera autorisé. ",DU CONCRET POUR L’ÉGALITÉ. • Une Agence pour l’accessibilité universelle et la déconjugalisation de l’AAH.,DU CONCRET POUR L’ÉGALITÉ. • Une Agence pour l’accessibilité universelle et la déconjugalisation de l’AAH. Une police de proximité plus forte et mieux formée. Des policiers mieux formés et mieux équipés. Des magistrats plus nombreux.
19,"PROTÉGER L’ENVIRONNEMENT ET LE VIVANT. • Fin des plastiques à usage unique • Interdiction immédiate du glyphosate, des perturbateurs endocriniens et des substances cancérogènes • Fin de l’élevage en cage • Fin de la chasse lors des week-ends et des vacances scolaires ",Pour protéger la nature. • Les plastiques à usage unique (sacs plastiques par exemple) seront interdits. • Les animaux ne pourront plus être élevés en cage. • La chasse sera interdite pendant les week-ends et les vacances.  ,"PROTÉGER L’ENVIRONNEMENT ET LE VIVANT. • Fin des plastiques à usage unique • Fin du glyphosate, des perturbateurs endocriniens et des substances cancérogènes.","PROTÉGER L’ENVIRONNEMENT ET LE VIVANT. • Fin des plastiques à usage unique • Interdiction du glyphosate, des perturbateurs endocriniens et des substances cancérogènes • Fin de la chasse pendant les week-ends et les vacances."
20,"PAIX ET INDÉPENDANCE. Climat, guerres, crises économiques : l’Europe de la souveraineté et du progrès est notre meilleure arme. Notre énergie, nos biens industriels et notre alimentation ne peuvent dépendre de dictatures. ","Paix et indépendance. Les pays européens doivent être indépendants pour se chauffer, se nourrir.","PAIX ET INDÉPENDANCE. La paix et l’indépendance sont notre meilleure arme. Notre énergie, nos biens industriels et notre alimentation ne peuvent dépendre de dictatures.","PAIX ET INDÉPENDANCE. La paix et l’indépendance sont notre meilleure arme contre les guerres. Notre énergie, nos biens industriels et notre nourriture ne peuvent pas dépendre de dictatures."
21,DE LA DÉMOCRATIE PARTOUT. Nos institutions sont épuisées. Nous mettrons fin au présidentialisme et instaurerons la séparation des lobbies et de l’Etat. Nous développerons partout la démocratie citoyenne. ,Plus de démocratie. Yannick Jadot veut arrêter le pouvoir des lobbies en France et le président de la République aura moins de pouvoir. C’est l’Assemblée nationale et le Sénat qui auront plus de pouvoir en France.,DE LA DÉMOCRATIE PARTOUT. Nous mettrons fin au présidentialisme et instaurerons la séparation des lobbies et de l’Etat. Nous développerons partout la démocratie citoyenne.,DE LA DÉMOCRATIE PARTOUT. Nos institutions sont épuisées. Nous mettrons fin au présidentialisme et instaurerons la séparation des lobbies et de l’Etat. Nous développerons partout la démocratie.
22,"VIVRE BIEN. Vivre en bonne santé, c’est respirer un air pur et bien manger. L’agriculture paysanne, bio, doit être accessible à toutes et tous. C’est bon pour nous et pour la nature dont nous dépendons. ","Vivre bien. Yannick Jadot veut protéger la santé de tout le monde : respirer un air qui n’est pas mauvais pour les poumons, manger de la nourriture de qualité.","VIVRE BIEN. Vivre en bonne santé, c’est respirer un air pur et bien manger. L’agriculture paysanne, bio, doit être accessible à toutes et tous. C’est bon pour nous et pour la nature.","VIVRE BIEN. Vivre en bonne santé, c’est respirer un air pur et bien manger. L’agriculture paysanne, bio, doit être accessible à tous. C’est bon pour nous et pour la nature."
23,"UNE RICHESSE DURABLE. En investissant massivement dans l’isolation des logements, les transports collectifs, le vélo et le co-voiturage, en augmentant le chèque énergie à 400 euros, l’écologie devient la meilleure alliée du pouvoir d’achat et de la création d’emplois. ","Plus de travail et d’argent à la fin du mois. Il y a beaucoup de factures à payer à la fin du mois : l’électricité, l’essence, les bus par exemple. Un chèque énergie de 400 euros sera donné pour payer les factures de gaz et d’électricité. Le covoiturage sera gratuit. ","UNE RICHESSE DURABLE. En investissant dans l’isolation des logements, les transports collectifs, le vélo et le co-voiturage, en augmentant le chèque énergie à 400 euros, l’écologie devient la meilleure alliée du pouvoir d’achat et de l’emploi.","UNE RICHESSE DURABLE. En investissant dans l’isolation des logements, les transports collectifs, le vélo et le co-voiturage, en augmentant le chèque énergie et en créant des emplois."
24,"L’ÉCOLOGIE DU PLAISIR. L’écologie est un projet humaniste d’émancipation collective, où le plaisir de vivre ensemble et dans le monde reprend tout son sens. ",L’écologie c’est positif. Protéger la nature c’est positif pour tout le monde. Cela donne de l’espoir.  ,L’ÉCOLOGIE DU PLAISIR. L’écologie est un projet humaniste d’émancipation collective.,L’ÉCOLOGIE DU PLAISIR. L’écologie est un projet humaniste d’émancipation. C’est un projet pour vivre ensemble et dans le monde.
25,"En me faisant confance, vous voterez pour préparer notre avenir. Parce que nous continuerons d’investir pour être le premier grand pays à sortir du pétrole, du gaz, du charbon. Parce que nous mettrons en place une taxe carbone écologique aux frontières de l’Europe, nos enfants et nos petits-enfants pourront vivre demain dans une planète respirable et un environnement préservé. Parce que la priorité sera donnée à l’école, les savoirs fondamentaux davantage enseignés, nos professeurs plus libres, plus respectés et mieux rémunérés, notre lycée professionnel devenu une voie d’excellence, chaque Français, quel que soit son origine, son milieu social, sera formé pour afronter le monde et choisir sa vie.  ","Si vous votez pour moi, nous préparerons notre avenir ensemble. Nous laisserons à nos enfants une planète propre. Nous arrêterons d’utiliser le pétrole, le gaz, le charbon. Nous mettrons beaucoup d’argent pour les énergies propres. Il y aura une taxe pour les produits fabriqués dans des pays qui polluent en dehors de l’Europe. L’école sera une priorité : ● les mathématiques et le français seront mieux enseignés ● les professeurs seront plus libre et mieux payés ● les lycées professionnels seront améliorés ","En me faisant confance, vous voterez pour notre avenir. Parce que nous mettons en place une taxe carbone écologique, nos enfants et nos petits-enfants pourront vivre demain dans une planète propre et un environnement préservé.","Vous votez pour notre pays. Parce que nous allons sortir du pétrole, du gaz, du charbon. Nous mettons en place une taxe carbone. Nos enfants et nos petits-enfants vivront dans une planète propre et un environnement sain. Notre école sera mieux enseignée, nos professeurs plus libres, plus respectés et mieux rémunérés. Notre lycée sera un lycée d’excellence."
26,"En me faisant confance, vous voterez pour notre jeunesse. Au plus haut de la pandémie, nous avons imaginé un programme, « 1 jeune 1 solution », qui, bénéfciant à des millions de personnes, a permis une baisse historique du chômage des moins de 25 ans, aujourd’hui au plus bas depuis quatre décennies. Nous le prolongerons. Nous ouvrirons toutes les places nécessaires dans les flières du supérieur qui conduisent au travail. Nous investirons dans les secteurs qui seront dans le futur les principaux viviers d’emplois : énergies renouvelables, nucléaire, batteries, véhicules électriques, numérique, industries créatives, spatial. ","En votant pour moi, vous votez pour notre jeunesse. Nous avons créé un programme : 1 jeune 1 solution. Il a permis à beaucoup de jeunes de trouver du travail. Nous continuerons ce programme. Plusieurs métiers ont besoin de professionnels qualifiés. Nous créerons des places dans les universités pour ces métiers. ","En me faisant confance, vous voterez pour notre jeunesse. Nous avons créé un programme pour aider les jeunes. Nous investissons dans les secteurs qui seront dans le futur les principaux viviers d’emplois : énergies renouvelables, nucléaire, batteries, véhicules électriques, numérique, industries créatives, spatial.","Vous votez pour notre jeunesse. Nous avons créé un programme pour aider les jeunes. Le programme a aidé des millions de personnes. Nous prolongerons le programme. Nous ouvrirons des places dans les filières du supérieur. Nous investissons dans les secteurs qui seront dans le futur : énergies renouvelables, batteries, véhicules électriques, industries créatives, spatial."
27,"En me faisant confance, vous voterez pour les travailleurs de ce pays, qui font notre prospérité collective. Les salariés du privé gagneront plus grâce au triplement de la prime annuelle défscalisée. Il sera possible de placer ses RTT et jours de congés sur un compte afn de se les faire payer ou de les utiliser comme congés au cours de sa vie. Les impôts continueront de baisser, avec la suppression de la redevance télé. Il sera possible de transmettre le fruit d’une vie de travail sans impôt, à ses enfants comme à d’autres membres de la famille avec une baisse des impôts sur les successions. Pour ramener le plus grand nombre sur le chemin du travail et atteindre le plein emploi, un horizon enfn accessible pour notre pays, les droits et devoirs seront renforcés : le versement automatique et simplifé des aides sociales sera mis en place, en contrepartie de la justifcation d’une activité d’insertion pour les percevoir. ","En votant pour moi, vous votez pour les travailleurs. La prime annuelle sans impôt sera augmentée. Les jours de congés pourront être payés ou utilisés plus tard. Les impôts continueront de baisser. La taxe pour ceux qui ont une télé sera supprimée. Nous baisserons les impôts sur les héritages. Les droits et les obligations pour le chômage seront renforcés. Le versement des aides sociales sera simplifié. Il faudra par contre justifier d’une formation ou d’une recherche d’emploi pour recevoir les aides sociales. ","En me faisant confance, vous votez pour les travailleurs de ce pays, qui font notre prospérité. Les travailleurs du privé gagnent plus grâce au triplement de la prime annuelle. Il est possible de prendre des RTT et des jours de congés. Les impôts baissent avec la suppression de la redevance télé. Il sera possible de transmettre le fruit de sa vie de travail à ses enfants comme à d’autres membres de la famille. Les droits et devoirs des travailleurs sont renforcés.","Vous votez pour les travailleurs de ce pays. Les travailleurs du privé gagnent plus. Il est possible de prendre des RTT et des jours de congés. Les impôts baissent. Il y a moins d’impôts. Les gens peuvent transmettre le fruit de leur travail à leurs enfants comme à d’autres membres de la famille. Pour rendre le travail plus facile aux gens, il y a des droits et des devoirs."
28,"En me faisant confance, vous voterez pour les familles. Terminée, pour les jeunes parents, l’angoisse de rester sans mode de garde, surtout lorsqu’ils élèvent leurs enfants seuls : un droit opposable à la garde d’enfants sera créé. Terminée aussi, pour nos aînés, la peur du vide face à la perspective du grand âge : il sera plus facile de rester chez soi grâce à un service du maintien à domicile et le soutien aux travaux d’adaptation des logements. Les contrôles seront accrus sur les maisons de retraite pour les rendre plus humaines. Nous poursuivrons notre action pour bâtir une société inclusive dans laquelle les personnes en situation de handicap peuvent être accompagnées et construire leur parcours.","En votant pour moi, vous votez pour les familles. Les parents seront surs d’avoir quelqu’un pour garder leurs enfants. Pour les personnes âgées, il sera facile de rester chez soi avec un service d’aide à domicile. Pour adapter les logements, il y aura une aide pour les travaux. Il y aura plus de contrôles dans les maisons de retraite pour éviter la maltraitance. Nous continuerons notre travail pour l’inclusion des personnes en situation de handicap. Elles seront mieux accompagnées. ","En me faisant confance, vous voterez pour les familles. Terminée, pour les jeunes parents, l’angoisse de rester sans mode de garde. Il y aura plus de services pour les personnes en situation de handicap.",Les gens votent pour les familles. Les familles sont moins stressées. Il y a moins de personnes âgées. Les gens peuvent rester chez eux plus longtemps. Les personnes handicapées peuvent être accompagnées dans leur vie.
29,"En me faisant confance, vous voterez pour les retraités, qui après des décennies de travail, méritent de vivre dignement. La retraite minimale sera portée à 1  100 euros pour une carrière complète et le cumul emploi-retraite pour ceux qui le souhaitent sera bien mieux rémunéré. Le fnancement de nos retraites par répartition sera pérennisé grâce au recul progressif à 65 ans de l’âge légal de départ à la retraite et à la juste prise en compte des incapacités, des carrières longues ou pénibles. ","En votant pour moi, vous votez pour les retraités. La retraite minimale sera de 1 100 euros pour une carrière complète. Les retraités qui veulent encore travailler seront mieux payés. L’âge de la retraite sera à 65 ans. Les personnes partiront en retraite plus tôt : ● si elles ne sont plus capables de travailler ● si elles ont des carrières longues. ","En me faisant confance, vous voterez pour les retraités qui méritent de vivre dignement. La retraite minimale sera portée à 1 100 euros pour une carrière complète et le cumul emploi-retraite sera mieux rémunéré. Le système de retraite par répartition sera mieux financé.",Les gens votent pour les gens qui travaillent dur. Les gens gagnent plus. Le système de retraite par répartition est mieux payé. Il y a moins d’incapacités et moins de maladies.
30,"En me faisant confance, vous voterez pour l’égalité de tous. Égalité entre les femmes et les hommes : c’était la grande cause du quinquennat qui s’achève, ce sera la grande cause du quinquennat qui vient. Égalité quelle que soit son origine, en mettant en place, dans chaque grande entreprise, une campagne dite de « testing » qui permettra de s'assurer que nul n'est défavorisé en raison de sa couleur de peau ou de sa religion. ","En votant pour moi, vous votez pour l’égalité de tous. L’égalité entre les femmes et les hommes est importante. Nous avons beaucoup travaillé pour cette égalité depuis 5 ans. Il ne doit pas y avoir de différence entre 2 personnes pour avoir un même emploi. Nous ferons des tests dans les grandes entreprises. ","En me faisant confance, vous voterez pour l’égalité de tous. L’égalité entre les femmes et les hommes est la grande cause du quinquennat. Il faut mettre en place une campagne de testing pour s'assurer que nul n'est défavorisé.",« Je vais voter pour l’égalité entre les hommes et les femmes. Je veux que les gens soient égaux. Je vais mettre en place une campagne de testing pour que personne ne soit défavorisé. »
31,"En me faisant confance, vous voterez pour vivre mieux où que vous habitiez, à la campagne comme à la ville, dans l'hexagone comme dans l'Outre-mer. Vivre en sécurité avec le renforcement de nos armées et la mise en œuvre du doublement de la présence des policiers et gendarmes sur la voie publique ainsi que le recrutement des magistrats et personnels nécessaires à une justice rapide et efcace. Vivre en bonne santé avec le recul des déserts médicaux, la mise en place de bilan de santé gratuits aux âges clés et la poursuite de l’investissement dans notre hôpital public. La vie sera aussi plus simple avec un guichet unique et un numéro unique pour toutes les démarches administratives. ","En votant pour moi, vous votez pour vivre mieux chez vous Vous vivrez en sécurité : ● il y aura 2 fois plus de policiers et de gendarmes ● des juges seront embauchés. Vous vivrez en bonne santé : ● il y aura moins de régions sans médecin ● à certains âges les contrôles de santé seront gratuits ● nous continuerons à améliorer l’hôpital public. Les démarches administratives seront plus simples. ","En me faisant confance, vous pouvez vivre mieux où que vous habitiez. Vivre en sécurité avec le renforcement de nos armées et la mise en œuvre du doublement de la présence des policiers et gendarmes sur la voie publique. La vie est plus simple avec un guichet unique et un numéro unique pour toutes les démarches administratives.","En me faisant confance, vous pouvez vivre mieux. Vivre en sécurité avec le renforcement de nos armées et de la police. Être en bonne santé avec la mise en place de bilans de santé gratuits et d’un hôpital public. Le système de santé est plus simple avec un guichet unique pour toutes les démarches."
32,"En me faisant confance, vous voterez pour une République et une Nation plus fortes dans notre Europe. Nous continuerons d'investir dans notre défense et de sceller le pacte Armées-Nation. Nous maîtriserons mieux nos frontières et conditionnerons l'obtention des titres de séjour long à la maîtrise de notre langue et la connaissance de notre culture. Nous poursuivrons notre action pour bâtir une Europe-puissance, capable, par son indépendance, de se défendre et de peser sur le cours du monde. ","En votant pour moi, vous votez pour une France forte dans l’Europe. Nous continuerons à donner des moyens à nos armées. Nous contrôlerons mieux nos frontières. Il faudra savoir parler français pour avoir un titre de séjour. Nous continuerons notre travail pour construire une Europe forte. ","En me faisant confance, vous voterez pour une République et une Nation plus fortes dans notre Europe. Nous continuerons d'investir dans notre défense et de sceller le pacte Armées-Nation. Nous poursuivrons notre action pour construire une Europe forte et indépendante.",Vous votez pour une République et une Nation plus fortes dans notre Europe. Nous continuerons d'investir dans notre défense et de sceller le pacte Armées-Nation. Nous devons mieux contrôler nos frontières et notre langue. Nous construisons une Europe forte et indépendante.
33,"En me faisant confance, au fond, c’est pour vous que vous voterez. J’ai appris de ces cinq ans à la tête du pays qu’il n’y avait d’ambition que collective, de réussite que coopérative. C’est pourquoi vous serez associés à chaque grande décision. Les temps de crise que nous traversons, les grandes transformations que nous vivons, bouleversent tout et inquiètent tout le monde. Je veillerai à ne laisser personne au bord du chemin, à défendre sans relâche nos valeurs de liberté, d'égalité, de fraternité, de laïcité, à vous protéger à chaque instant. ","En votant pour moi, c’est pour vous que vous votez. Vous participerez aux grandes décisions. Je ferai tout pour ne laisser personne de côté. Vive la République ! Vive la France !  ","En me faisant confance, c’est pour vous que vous voterez. J’ai appris de mes cinq ans à la tête du pays qu’il n’y avait pas d’ambition que collective, de réussite que coopérative. Je veillerai à ne pas laisser personne au bord du chemin.",Je vais voter pour vous. J’ai appris qu’il n’y avait pas d’ambition que collective. Je veux que vous soyez impliqués dans les grandes décisions. Je vais protéger tout le monde. Je veillerai à ne pas laisser personne au bord du chemin. Je défendrai nos valeurs.
